mode,singular_value,pair1,pair2,weight
1,163.3204058119642,1,2,0.37966967344839764
1,163.3204058119642,1,5,0.0985826122542297
1,163.3204058119642,1,6,0.10906334037510769
1,163.3204058119642,1,7,0.30921295609541466
1,163.3204058119642,1,8,0.35803544815356625
1,163.3204058119642,2,5,-0.0568463224333219
1,163.3204058119642,2,6,0.32426600333129196
1,163.3204058119642,2,7,0.012235960888542362
1,163.3204058119642,2,8,0.22406332777886095
1,163.3204058119642,5,6,0.2288880571122436
1,163.3204058119642,5,7,-0.21086187245691423
1,163.3204058119642,5,8,0.34426247131147814
1,163.3204058119642,6,7,0.32226949682489975
1,163.3204058119642,6,8,0.3312035597387689
1,163.3204058119642,7,8,-0.15092705028841535
2,127.41405500837085,1,2,0.03517184019877827
2,127.41405500837085,1,5,0.4367111579041989
2,127.41405500837085,1,6,0.179257916213722
2,127.41405500837085,1,7,0.02028755478677627
2,127.41405500837085,1,8,-0.12530782619000605
2,127.41405500837085,2,5,-0.3002976288938701
2,127.41405500837085,2,6,-0.256934199928596
2,127.41405500837085,2,7,-0.2556856360841681
2,127.41405500837085,2,8,0.2739774080878671
2,127.41405500837085,5,6,0.15654738261478388
2,127.41405500837085,5,7,-0.3751166960051642
2,127.41405500837085,5,8,-0.1288459069382792
2,127.41405500837085,6,7,-0.25186353025351427
2,127.41405500837085,6,8,-0.23934933154346225
2,127.41405500837085,7,8,-0.4007772811840846
3,104.4276841013618,1,2,-0.05450996097105823
3,104.4276841013618,1,5,-0.18113400031805146
3,104.4276841013618,1,6,-0.47229617570045246
3,104.4276841013618,1,7,-0.3361710058451535
3,104.4276841013618,1,8,-0.058281324896930886
3,104.4276841013618,2,5,0.40689265034398414
3,104.4276841013618,2,6,0.019626897708964072
3,104.4276841013618,2,7,-0.4958037673693007
3,104.4276841013618,2,8,0.1910901341580548
3,104.4276841013618,5,6,0.32431282794652466
3,104.4276841013618,5,7,-0.06213066538551117
3,104.4276841013618,5,8,0.16588526896932074
3,104.4276841013618,6,7,0.006176858625359577
3,104.4276841013618,6,8,0.059463838933116256
3,104.4276841013618,7,8,-0.19061240577650745
4,51.51214303673688,1,2,0.04866675599479316
4,51.51214303673688,1,5,0.22011937628677647
4,51.51214303673688,1,6,0.43346575006398064
4,51.51214303673688,1,7,-0.020143222143108402
4,51.51214303673688,1,8,-0.0517364054906162
4,51.51214303673688,2,5,0.44615012913502816
4,51.51214303673688,2,6,-0.002226686725017385
4,51.51214303673688,2,7,-0.0021546370267973335
4,51.51214303673688,2,8,-0.5790958955328237
4,51.51214303673688,5,6,0.3061217847936998
4,51.51214303673688,5,7,0.11682589122634729
4,51.51214303673688,5,8,0.2228463036272335
4,51.51214303673688,6,7,-0.11746820997739951
4,51.51214303673688,6,8,-0.0727295617140912
4,51.51214303673688,7,8,-0.21836842821395555
5,39.027946307899235,1,2,-0.11467141665218555
5,39.027946307899235,1,5,0.18701912488269484
5,39.027946307899235,1,6,-0.29245210936606814
5,39.027946307899235,1,7,0.20856381726730994
5,39.027946307899235,1,8,0.18187100940645712
5,39.027946307899235,2,5,-0.05933604079285197
5,39.027946307899235,2,6,-0.14539711589297755
5,39.027946307899235,2,7,0.30780538489092923
5,39.027946307899235,2,8,0.07044314650695724
5,39.027946307899235,5,6,0.6964947846139322
5,39.027946307899235,5,7,0.2788609282493229
5,39.027946307899235,5,8,-0.22892883557689736
5,39.027946307899235,6,7,-0.13841229981326642
5,39.027946307899235,6,8,0.002925970343683984
5,39.027946307899235,7,8,0.17595262975882067
6,25.638054081474085,1,2,0.07947985662296098
6,25.638054081474085,1,5,0.15264006560612278
6,25.638054081474085,1,6,-0.06666568129582864
6,25.638054081474085,1,7,0.1825401361782538
6,25.638054081474085,1,8,-0.4479011398510383
6,25.638054081474085,2,5,-0.008567414170353536
6,25.638054081474085,2,6,0.17118987076372977
6,25.638054081474085,2,7,0.026712878306417092
6,25.638054081474085,2,8,0.2394939896152256
6,25.638054081474085,5,6,-0.07876996323166749
6,25.638054081474085,5,7,0.6201186852782554
6,25.638054081474085,5,8,0.036896471936117704
6,25.638054081474085,6,7,0.29461040286543205
6,25.638054081474085,6,8,-0.17592645422979455
6,25.638054081474085,7,8,-0.36700728682560924
7,15.100992683958744,1,2,-0.0752180603369914
7,15.100992683958744,1,5,-0.33158011026957634
7,15.100992683958744,1,6,-0.11726928654021121
7,15.100992683958744,1,7,-0.1550654176813777
7,15.100992683958744,1,8,0.2992149993300609
7,15.100992683958744,2,5,-0.4602947865084527
7,15.100992683958744,2,6,-0.16268246004418258
7,15.100992683958744,2,7,0.008329392598847416
7,15.100992683958744,2,8,-0.3889521438777231
7,15.100992683958744,5,6,0.07456363866969248
7,15.100992683958744,5,7,0.1187877464355809
7,15.100992683958744,5,8,-0.050374209210005315
7,15.100992683958744,6,7,0.21187587117430226
7,15.100992683958744,6,8,0.008562701137261944
7,15.100992683958744,7,8,-0.547911795744723
8,12.515889353969966,1,2,0.19496859883292564
8,12.515889353969966,1,5,0.09911786643592625
8,12.515889353969966,1,6,-0.34310323026963246
8,12.515889353969966,1,7,0.6029275352954798
8,12.515889353969966,1,8,0.12573489982177563
8,12.515889353969966,2,5,0.014595419418381498
8,12.515889353969966,2,6,-0.14842980315005946
8,12.515889353969966,2,7,-0.4733804105354712
8,12.515889353969966,2,8,-0.3203297440256027
8,12.515889353969966,5,6,-0.24023799342134677
8,12.515889353969966,5,7,0.10524187507346053
8,12.515889353969966,5,8,-0.021098023772518657
8,12.515889353969966,6,7,-0.18319881680197675
8,12.515889353969966,6,8,0.002822890333405423
8,12.515889353969966,7,8,0.05798750974220935
9,10.575573479878447,1,2,0.05653476831689757
9,10.575573479878447,1,5,-0.1350324535034663
9,10.575573479878447,1,6,0.45836026633310306
9,10.575573479878447,1,7,-0.12743093345200407
9,10.575573479878447,1,8,0.033425156932165946
9,10.575573479878447,2,5,-0.21474915199944633
9,10.575573479878447,2,6,-0.2232798028917955
9,10.575573479878447,2,7,-0.44055693770138044
9,10.575573479878447,2,8,0.18259489107054871
9,10.575573479878447,5,6,0.120954003580093
9,10.575573479878447,5,7,0.45053144043104565
9,10.575573479878447,5,8,0.0033632502146320256
9,10.575573479878447,6,7,-0.11011699752069248
9,10.575573479878447,6,8,0.38795248378952163
9,10.575573479878447,7,8,0.21786467466002554
10,7.8445843623118625,1,2,0.25795804108283965
10,7.8445843623118625,1,5,-0.27012749181980017
10,7.8445843623118625,1,6,-0.11941595295846934
10,7.8445843623118625,1,7,0.0805431951664804
10,7.8445843623118625,1,8,-0.6544257994242879
10,7.8445843623118625,2,5,-0.33569535912200227
10,7.8445843623118625,2,6,0.11060754027148235
10,7.8445843623118625,2,7,0.08530551799760808
10,7.8445843623118625,2,8,-0.22912757666124656
10,7.8445843623118625,5,6,0.259398269421465
10,7.8445843623118625,5,7,-0.19332902653172326
10,7.8445843623118625,5,8,0.16634492118346533
10,7.8445843623118625,6,7,-0.20761790424618531
10,7.8445843623118625,6,8,0.20891756170546408
10,7.8445843623118625,7,8,0.0876382052534638
11,5.2226465828628825,1,2,0.5326619411444623
11,5.2226465828628825,1,5,0.472103089163735
11,5.2226465828628825,1,6,-0.23606996494188598
11,5.2226465828628825,1,7,-0.5265710214550179
11,5.2226465828628825,1,8,0.049384733907363726
11,5.2226465828628825,2,5,-0.16220250660327987
11,5.2226465828628825,2,6,-0.03371491172772241
11,5.2226465828628825,2,7,-0.010096974119614736
11,5.2226465828628825,2,8,-0.19305819090372317
11,5.2226465828628825,5,6,-0.06212106581101854
11,5.2226465828628825,5,7,0.1066703344862575
11,5.2226465828628825,5,8,-0.010230500676416801
11,5.2226465828628825,6,7,0.1588548255976592
11,5.2226465828628825,6,8,-0.02846296611208249
11,5.2226465828628825,7,8,0.22745988673210554
12,4.8681589183908915,1,2,0.3382594162183345
12,4.8681589183908915,1,5,-0.18740104157810167
12,4.8681589183908915,1,6,-0.07930283965132034
12,4.8681589183908915,1,7,-0.06831432026047618
12,4.8681589183908915,1,8,0.18599672377651383
12,4.8681589183908915,2,5,0.08294932989018484
12,4.8681589183908915,2,6,-0.24852131069957928
12,4.8681589183908915,2,7,0.3346321615829004
12,4.8681589183908915,2,8,0.2411647476989914
12,4.8681589183908915,5,6,-0.17347670826787348
12,4.8681589183908915,5,7,0.1827972931144376
12,4.8681589183908915,5,8,0.40125254253621395
12,4.8681589183908915,6,7,-0.5437895187558532
12,4.8681589183908915,6,8,-0.09931495101953544
12,4.8681589183908915,7,8,-0.1898556685819492
13,2.121801769430421,1,2,-0.16514493264205726
13,2.121801769430421,1,5,0.2656146470843247
13,2.121801769430421,1,6,-0.1334052104675535
13,2.121801769430421,1,7,0.018273648090817718
13,2.121801769430421,1,8,-0.18273359833474478
13,2.121801769430421,2,5,0.1713329047992896
13,2.121801769430421,2,6,-0.47692662863436275
13,2.121801769430421,2,7,0.22568086694459025
13,2.121801769430421,2,8,-0.009254363267825347
13,2.121801769430421,5,6,-0.18609584608124213
13,2.121801769430421,5,7,-0.07814924907340257
13,2.121801769430421,5,8,0.022163169699300406
13,2.121801769430421,6,7,0.13257562566109815
13,2.121801769430421,6,8,0.6694388269167747
13,2.121801769430421,7,8,-0.18938659180779252
14,1.6939363990715914,1,2,0.5214078051908125
14,1.6939363990715914,1,5,-0.2826246362113846
14,1.6939363990715914,1,6,0.11464546751527487
14,1.6939363990715914,1,7,0.035001908909154805
14,1.6939363990715914,1,8,-0.03114518279222908
14,1.6939363990715914,2,5,0.31779353916277087
14,1.6939363990715914,2,6,-0.06661913716016209
14,1.6939363990715914,2,7,0.06817089308973433
14,1.6939363990715914,2,8,0.05332863042763575
14,1.6939363990715914,5,6,0.03394374724857811
14,1.6939363990715914,5,7,-0.06821408751104617
14,1.6939363990715914,5,8,-0.6924269879481402
14,1.6939363990715914,6,7,0.03504536386707763
14,1.6939363990715914,6,8,0.07309180906959595
14,1.6939363990715914,7,8,-0.1678253751430941
15,1.2477732833775568,1,2,0.1382437843651196
15,1.2477732833775568,1,5,-0.2015613437735841
15,1.2477732833775568,1,6,0.07910932927715336
15,1.2477732833775568,1,7,0.14122184196593213
15,1.2477732833775568,1,8,-0.10108526320999345
15,1.2477732833775568,2,5,0.06287499740964379
15,1.2477732833775568,2,6,-0.6104247425247498
15,1.2477732833775568,2,7,0.002406301894340895
15,1.2477732833775568,2,8,0.04947887446343757
15,1.2477732833775568,5,6,0.13407357987074214
15,1.2477732833775568,5,7,-0.11794352784648254
15,1.2477732833775568,5,8,0.24942872053633885
15,1.2477732833775568,6,7,0.4893735142486811
15,1.2477732833775568,6,8,-0.36719553689724815
15,1.2477732833775568,7,8,0.2374781860483182
